project_accession,orig_span,infer_span,n_orig_runs,orig_year_min,orig_year_max,orig_year_dist,category,outlier_flag,orig_span_excl_outlier,has_invalid_orig,infer_value,study_title,center_name
PRJNA1266601,205,,7,1816,2021,1816:2; 1818:2; 1839:2; 2021:1,archival,"high:2021(1runs,gap182)",23,,,,
PRJEB42014,174,0,472,1842,2016,1842:4; 1846:4; 1864:12; 1915:4; 1939:4; 1940:4; 1943:12; 1948:4; 1956:4; 1960:4; 1962:4; 1963:4; 1964:4; 1965:4; 1966:4; 1967:8; 1970:8; 1974:4; 1977:20; 1980:8; 1981:4; 1982:16; 1983:4; 1985:4; 1986:4; 1987:8; 1988:16; 1989:12; 1990:20; 1991:16; 1992:4; 1998:4; 1999:4; 2001:4; 2005:4; 2006:4; 2007:4; 2008:4; 2009:4; 2010:8; 2011:8; 2012:12; 2016:8,archival,,,,2021,The oral microbiota of wild bears in Sweden reflects the history of antibiotic use by huma,Norwegian Institute for 
PRJNA1367884,156,,20,1814,1970,1814:4; 1884:2; 1929:2; 1970:1,other,"high:1970(1runs,gap41)",115,,,,
PRJNA857715,116,,58,1905,2021,1905:1; 1989:1; 2010:1; 2011:9; 2018:43; 2021:3,archival,"low:1905(1runs,gap84)",32,,,Complex samples enriched with a Francisella bait system Raw sequence reads,Northern Arizona Univers
PRJNA691059,115,,3,1903,2018,1903:2; 2018:1,archival,,,,,Metagenomic testing of a historic fungal mycelial mat,University of York
PRJNA824010,115,,186,1905,2020,1905:1; 2018:110; 2019:36; 2020:8,archival,"low:1905(1runs,gap113)",2,,,,
PRJEB49241,114,,73,1905,2019,1905:2; 2016:1; 2017:12; 2018:25; 2019:33,archival,"low:1905(2runs,gap111)",3,,,,
PRJNA423170,112,,52,1905,2017,1905:2; 1952:1; 1956:1; 1958:2; 1963:2; 1969:5; 1972:4; 1990:1; 1995:2; 2002:1; 2005:6; 2007:1; 2008:7; 2009:3; 2010:3; 2011:1; 2012:3; 2016:1; 2017:6,archival,"low:1905(2runs,gap47)",65,,,Metagenome datasets from insect species that can potentially contaminate foods. These data,FDA
PRJEB34871,111,7,1197,1905,2016,1905:18; 2013:168; 2014:309; 2015:354; 2016:348,archival,,,,2010;2014;2016;2017,Predicting antibiotic resistance in clinical infections caused by Enterobacterales from ag,CENTRE FOR ECOLOGY AND H
PRJNA681892,109,,76,1909,2018,1909:1; 1931:1; 1946:2; 1958:2; 1959:2; 1963:1; 1965:2; 1966:1; 1969:2; 1970:1; 1972:1; 1973:2; 1974:2; 1975:6; 1978:2; 1979:1; 1980:3; 1982:4; 1988:2; 1993:5; 1995:1; 1997:2; 1999:1; 2000:2; 2001:3; 2002:10; 2003:1; 2006:5; 2007:2; 2012:1; 2013:3; 2018:2,archival,,,,,Raw sequence reads from the light organs of Siphamia fishes,California Academy of Sc
PRJNA646369,108,,35,1888,1996,1888:1; 1903:1; 1906:1; 1913:2; 1922:1; 1932:2; 1935:1; 1936:1; 1948:2; 1949:2; 1950:1; 1951:1; 1953:1; 1954:1; 1957:1; 1969:1; 1970:2; 1971:1; 1973:1; 1975:1; 1978:1; 1984:1; 1996:1,other,,,,,Herbarium sequencing of Dioscorea sansibarensis leaf glands,Ghent University
PRJNA684050,103,,12,1915,2018,1915:4; 1918:2; 2018:6,archival,,,,,Gut microbiota of frugo-folivorous sifakas across environments,Duke Lemur Center
PRJNA471187,102,,342,1905,2007,1905:71; 1976:4; 1977:2; 1978:5; 1979:5; 1982:4; 1983:5; 1984:3; 1985:5; 1986:12; 1987:8; 1988:12; 1989:15; 1990:12; 1991:12; 1992:14; 1993:4; 1994:17; 1995:20; 1996:11; 1997:9; 1998:6; 1999:5; 2000:14; 2001:8; 2002:14; 2003:8; 2004:8; 2005:5; 2006:10; 2007:8,archival,,,,,Viremia preceding multiple sclerosis,Karolinska Institutet
PRJEB33363,100,,80,1861,1961,1861:8; 1864:4; 1886:4; 1899:4; 1922:12; 1926:12; 1942:4; 1950:4; 1958:4; 1960:4; 1961:12,other,,,,,Dental calculus as a tool to study the evolution of the mammalian oral microbiome,Norwegian Institute for 
PRJNA903891,100,,21,1919,2019,1919:1; 2017:2; 2018:2; 2019:16,archival,"low:1919(1runs,gap98)",2,,,,
PRJNA1242400,100,,28,1883,1983,1883:1; 1912:1; 1913:2; 1929:4; 1931:2; 1935:1; 1961:1; 1974:2; 1980:5; 1981:1; 1983:2,other,,,,,,
PRJNA1010140,64,,119,1958,2022,1958:1; 1959:2; 1969:3; 1972:3; 1975:3; 1978:1; 1980:2; 1984:2; 1987:1; 1989:4; 1992:5; 1998:1; 1999:4; 2000:3; 2002:1; 2003:5; 2004:5; 2005:8; 2006:1; 2007:1; 2010:5; 2011:1; 2013:1; 2015:10; 2016:1; 2017:1; 2019:1; 2020:1; 2021:29; 2022:11,archival,,,,,,
PRJEB76295,63,,378,1960,2023,1960:2; 1970:1; 1980:2; 2020:47; 2021:247; 2022:67; 2023:12,archival,,,,,,
PRJDB29933,59,,7,1956,2015,1956:2; 2015:5,archival,,,,,,
PRJNA1057503,57,,833,1965,2022,1965:1; 1992:4; 2021:173; 2022:640,archival,,,,,,
PRJNA1010110,55,,138,1964,2019,1964:1; 1965:1; 2007:5; 2009:1; 2012:1; 2013:2; 2016:3; 2018:30; 2019:94,archival,,,,,,
PRJNA1151664,54,,14,1959,2013,1959:2; 1989:2; 2012:2; 2013:6,archival,"low:1959(2runs,gap30)",24,,,,
PRJNA509211,50,,28,1964,2014,1964:6; 2003:1; 2007:4; 2011:8; 2014:9,archival,,,,,Metagenomic shotgun sequencing of lower termite gut communities,Albert-Ludwigs-Universit
PRJNA732392,47,,977,1970,2017,1970:60; 2016:204; 2017:386,archival,,,,,,
PRJEB51164,47,,34,1975,2022,1975:1; 2017:2; 2018:1; 2019:2; 2020:10; 2021:5; 2022:13,archival,"low:1975(1runs,gap42)",5,,,,
PRJEB4015,44,,55,1845,1889,1845:18; 1876:9; 1882:13; 1889:15,other,,,,,Reconstructing genome evolution in historic samples of Phytophthora infestans,NTNU University Museum;C
PRJEB19522,37,,42,1978,2015,1978:3; 1982:9; 1985:3; 1987:3; 2014:15; 2015:9,mid_long,,,,,Is there foul play in the leaf pocket? The metagenome of floating fern Azolla reveals endo,UTRECHT UNIVERSITY
PRJNA1211292,36,,31,1985,2021,1985:1; 2008:5; 2009:3; 2010:5; 2012:3; 2013:1; 2015:6; 2016:1; 2019:1; 2020:1; 2021:4,mid_long,,,,,,
PRJNA576709,35,,105,1985,2020,1985:1; 2006:3; 2018:6; 2019:10; 2020:12,mid_long,,,,,Rhizoplaca metagenomic data,Brigham Young University
PRJNA785545,34,,107,1985,2019,1985:1; 1986:2; 1987:3; 1988:5; 1989:4; 1990:4; 1991:4; 1992:1; 1993:4; 1994:3; 1995:4; 1996:5; 2003:4; 2004:4; 2005:4; 2006:4; 2007:4; 2008:4; 2009:4; 2010:4; 2011:4; 2012:3; 2013:4; 2014:4; 2015:5; 2016:4; 2017:4; 2018:4; 2019:3,mid_long,,,,,Diversity and long-term dynamics of human blood anelloviruses,Amsterdam UMC
PRJNA808200,34,,380,1974,2008,1974:20; 1976:21; 1978:27; 1980:22; 1982:20; 1984:21; 1986:10; 1988:21; 1990:18; 1992:21; 1994:22; 1996:20; 1998:21; 2000:21; 2002:21; 2004:25; 2006:25; 2008:24,continuous,,,,,,
PRJNA836854,32,,37,1988,2020,1988:1; 1992:2; 1994:1; 2001:2; 2002:1; 2005:1; 2006:2; 2014:10; 2015:2; 2016:6; 2018:3; 2020:6,mid_long,,,,,Bacteroidota symbionts in Bostrichidae beetles,Johannes Gutenberg-Unive
PRJNA765502,32,,7,1987,2019,1987:1; 2019:6,mid_long,,,,,,
PRJDB4067,31,,2,1927,1958,1927:1; 1958:1,mid_long,,,,,Sequencing old specimens of seaweeds,Tokyo Institute of Techn
PRJNA732531,31,,48,1988,2019,1988:1; 2005:1; 2010:2; 2013:3; 2014:1; 2015:2; 2016:1; 2017:21; 2018:8; 2019:8,mid_long,,,,,,
PRJEB76591,31,0,33,1991,2022,1991:1; 2017:1; 2018:2; 2019:2; 2020:9; 2021:5; 2022:13,mid_long,,,,2017,,
PRJNA322324,30,11,15,1982,2012,1982:2; 1984:3; 1993:2; 2005:1; 2006:2; 2008:2; 2012:2,mid_long,,,,2006;2015;2017,Advanced molecular detection of viral diseases.,Centers for Disease Cont
PRJEB27605,28,28,39,1988,2016,1988:2; 1990:1; 1991:3; 1993:1; 1994:2; 1995:1; 1996:1; 1999:1; 2000:1; 2001:1; 2003:1; 2011:6; 2014:15; 2016:3,mid_long,,,,1988;2016,Genome analysis of Flavobacterium psychrophilum isolated from Swedish fish farms,NATIONAL VETERINARY INST
PRJNA744034,28,,42,1991,2019,1991:1; 2003:2; 2004:5; 2005:10; 2009:4; 2010:5; 2011:1; 2012:2; 2014:2; 2015:4; 2019:3,mid_long,,,,,Deep Sea Lucinid Metagenome,University of Vienna
PRJNA510571,26,,1255,1990,2016,1990:1; 2006:3; 2009:8; 2010:50; 2011:46; 2012:205; 2013:129; 2014:108; 2015:19; 2016:17,mid_long,,,,,uncultured crAssphage global survey,San Diego State Universi
PRJNA1206826,26,,4,1995,2021,1995:1; 2021:3,mid_long,,,,,,
PRJNA664255,25,,58,1994,2019,1994:3; 1996:1; 1997:5; 1998:6; 1999:9; 2000:2; 2001:1; 2002:2; 2003:13; 2013:1; 2016:5; 2018:1; 2019:8,mid_long,,,,,Metagenomic sequencing of foetal tissues to identify pathogens associated with equine abor,University of Melbourne
PRJEB66199,25,,11899,1992,2017,1992:78; 2004:305; 2005:1416; 2006:286; 2007:169; 2008:440; 2009:1060; 2010:792; 2011:2838; 2012:623; 2013:45; 2014:367; 2015:747; 2016:2409; 2017:324,mid_long,,,,,,
PRJNA723199,24,,4,1989,2013,1989:1; 2006:1; 2013:2,mid_long,,,,,,
PRJEB63329,23,,15,2000,2023,2000:14; 2023:1,mid_long,,,,,,
PRJEB61301,23,,163,1995,2018,1995:8; 1996:1; 2005:12; 2006:1; 2012:4; 2018:102,mid_long,,,,,,
PRJNA1049643,23,,170,1999,2022,1999:12; 2022:2,mid_long,,,,,,
PRJNA936783,22,,238,1998,2020,1998:5; 1999:13; 2000:9; 2001:10; 2002:13; 2003:10; 2004:6; 2005:5; 2006:7; 2007:10; 2008:7; 2009:11; 2010:6; 2011:8; 2012:27; 2013:14; 2014:13; 2015:20; 2016:20; 2017:11; 2018:7; 2019:5; 2020:1,continuous,,,,,,
PRJNA769790,22,1,29,1997,2019,1997:3; 1998:3; 1999:3; 2000:4; 2001:1; 2002:2; 2003:1; 2019:12,mid_long,,,,2016;2017,,
PRJEB59431,21,,17,1993,2014,1993:1; 2003:5; 2005:1; 2006:1; 2007:2; 2013:5; 2014:1,mid_long,,,,,,
PRJNA489301,20,,23,1994,2014,1994:1; 2002:1; 2003:1; 2005:1; 2006:1; 2009:1; 2010:6; 2011:8; 2014:2,mid_long,,,,,Genome sequencing and assembly of Buchnera aphidicola,University of Hawaii
PRJEB54817,20,,17,2001,2021,2001:5; 2021:12,mid_long,,,,,,
PRJNA996601,20,,5,1994,2014,1994:1; 2002:2; 2014:2,mid_long,,,,,,
PRJNA1195114,20,,27,2002,2022,2002:1; 2004:1; 2005:1; 2006:1; 2009:1; 2010:2; 2015:4; 2016:4; 2017:1; 2018:4; 2019:2; 2022:5,continuous,,,,,,
PRJNA1276286,20,,116,2002,2022,2002:22; 2006:22; 2010:22; 2014:21; 2018:12; 2019:8; 2022:9,continuous,,,,,,
PRJNA449946,19,,37,1996,2015,1996:1; 1997:2; 2007:2; 2008:2; 2010:7; 2011:10; 2012:8; 2015:5,mid_long,,,,,Marine RNA virus diversity tropics to poles,University of British Co
PRJEB50613,19,0,62,1999,2018,1999:3; 2000:4; 2001:3; 2002:4; 2003:4; 2004:2; 2015:9; 2016:9; 2017:12; 2018:12,mid_long,,,,1995,Long-term antimicrobial resistance monitoring by phenotypic methods and metagenomics,Centre for Genomic Epide
PRJNA893434,19,,50,2001,2020,2001:2; 2010:5; 2012:6; 2014:4; 2016:1; 2018:24; 2020:8,mid_long,,,,,,
PRJEB42345,19,,150,1997,2016,1997:6; 2001:16; 2005:1; 2008:9; 2009:44; 2010:11; 2013:38; 2014:1; 2016:24,continuous,,,,,,
PRJEB45090,19,,210,2001,2020,2001:8; 2002:13; 2005:11; 2007:10; 2009:11; 2010:11; 2013:11; 2018:11; 2019:104; 2020:20,continuous,,,,,,
PRJNA390936,18,,16,1997,2015,1997:2; 2004:1; 2013:4; 2014:1; 2015:8,mid_long,,,,,Magicicada Hodgkinia metagenome sequencing,University of Montana
PRJNA679177,18,,47,2001,2019,2001:1; 2004:11; 2012:1; 2018:24; 2019:5,mid_long,,,,,Lucinid clam gills containing DNA of host and bacterial symbionts - Metagenomic assembly,University of California
PRJNA946291,18,,151,2004,2022,2004:2; 2010:6; 2011:40; 2012:5; 2014:10; 2015:20; 2016:9; 2018:32; 2019:13; 2020:2; 2021:6; 2022:6,mid_long,,,,,,
PRJNA946560,18,0,75,2003,2021,2003:2; 2006:1; 2007:1; 2009:1; 2010:5; 2011:2; 2012:3; 2013:4; 2014:5; 2015:7; 2016:13; 2017:4; 2018:3; 2019:14; 2020:8; 2021:2,continuous,,,,2002,,
PRJEB8570,17,,14,1996,2013,1996:1; 2013:3,mid_long,,,,,Tales from the crypt: Genome mining from fungarium specimens improves resolution of the mu,"Royal Botanic Gardens, K"
PRJNA1199800,17,,30,2004,2021,2004:1; 2021:11,mid_long,,,,,,
PRJEB89881,17,,21,2003,2020,2003:1; 2011:1; 2013:1; 2014:3; 2015:3; 2017:1; 2018:3; 2019:5; 2020:3,mid_long,,,,,,
PRJEB97980,17,,104,2006,2023,2006:2; 2010:4; 2011:2; 2012:2; 2013:40; 2014:18; 2015:4; 2016:10; 2017:12; 2018:2; 2022:2; 2023:6,continuous,,,,,,
PRJNA640385,16,,8,1996,2012,1996:4; 2012:4,mid_long,,,,,Archaeological latrine sediment Raw sequence reads,Max Planck Institute for
PRJNA809488,16,,12,2005,2021,2005:1; 2008:1; 2010:1; 2012:1; 2015:3; 2016:1; 2018:2; 2019:1; 2021:1,continuous,,,,,,
PRJNA904419,16,,75,2001,2017,2001:1; 2016:72; 2017:2,mid_long,,,,,,
PRJNA1036810,16,,8,2000,2016,2000:1; 2004:1; 2016:6,mid_long,,,,,,
PRJNA1062330,16,,31,2004,2020,2004:4; 2010:2; 2014:7; 2018:1; 2019:9; 2020:8,mid_long,,,,,,
PRJEB71368,16,,66,2003,2019,2003:60; 2019:6,mid_long,,,,,,
PRJEB111647,16,,267,2008,2024,2008:103; 2018:3; 2019:6; 2020:13; 2021:96; 2022:24; 2023:2; 2024:20,mid_long,,,,,,
PRJNA43449,15,15,3,1992,2007,1992:2; 2007:1,mid_long,,,,1992;2007,Amino Acid Signatures of Salinity on an Environmental Scale with a Focus on the Dead Sea,Penn State
PRJNA657231,15,,3,1970,1985,1970:1; 1981:1; 1985:1,mid_long,,,,,DSMZ cyanobacteria metagenome binning project,Leibniz Institute DSMZ
PRJEB55522,15,,66,2006,2021,2006:11; 2012:24; 2016:18; 2021:13,mid_long,,,,,Shotgun and capture enriched metagenomic data from 2 million year old geological sediments,CENTRE FOR GEOGENETICS
PRJNA639935,15,,8,2002,2017,2002:2; 2017:6,mid_long,,,,,Bacteriocyte-associated ant endosymbionts,Queen Mary University of
PRJNA833438,15,,30,2005,2020,2005:1; 2008:1; 2012:2; 2014:1; 2016:1; 2017:5; 2018:3; 2019:10; 2020:5,continuous,,,,,,
PRJNA938820,15,,128,2005,2020,2005:3; 2006:7; 2007:9; 2008:6; 2009:2; 2010:8; 2011:17; 2012:15; 2013:4; 2014:4; 2015:6; 2016:25; 2020:22,continuous,,,,,,
PRJEB49198,15,,62,2005,2020,2005:15; 2018:17; 2019:26; 2020:4,mid_long,,,,,,
PRJNA1071982,15,,3890,2008,2023,2008:7; 2014:6; 2016:9; 2017:144; 2018:12; 2019:171; 2020:1504; 2021:1156; 2022:818; 2023:62,mid_long,,,,,,
PRJNA1036638,15,,63,2004,2019,2004:4; 2012:3; 2015:1; 2016:4; 2017:49; 2018:1; 2019:1,mid_long,,,,,,
PRJNA1207520,15,,37,2009,2024,2009:1; 2010:1; 2011:3; 2012:2; 2013:2; 2014:2; 2015:1; 2016:1; 2017:1; 2018:5; 2019:4; 2020:1; 2021:4; 2022:3; 2023:4; 2024:2,continuous,,,,,,
PRJEB6997,14,,530,2012,2026,2012:233; 2013:1; 2014:1; 2015:1; 2016:1; 2017:1; 2018:1; 2019:1; 2020:1; 2021:1; 2022:1; 2023:1; 2024:1; 2025:1; 2026:1,continuous,,,Y,,Gut and Oral Microbiome Dysbiosis in Rheumatoid Arthritis,Beijing Genome Institute
PRJNA554776,14,,28,2003,2017,2003:2; 2014:11; 2015:1; 2016:5; 2017:8,mid_long,,,,,Metagenomic sequencing of Lawsonia intracellularis,Roslin Institute
PRJNA646656,14,,16,2004,2018,2004:2; 2006:2; 2008:1; 2009:2; 2011:1; 2016:3; 2017:3; 2018:2,continuous,,,,,Metagenomic data reveal diverse fungal and algal communities associated with the lichen sy,Brigham Young University
PRJNA657423,14,,2,2002,2016,2002:1; 2016:1,mid_long,,,,,Betapolyomavirus hominis Raw sequence reads,University of Washington
PRJNA641445,14,,11,1990,2004,1990:1; 1996:1; 1997:1; 2001:3; 2002:2; 2003:2; 2004:1,mid_long,,,,,Ecology and Evolution of Vesicomyid endosymbionts,Universite de Montreal
PRJNA975672,14,,118,2000,2014,2000:10; 2001:3; 2004:1; 2005:8; 2014:9,mid_long,,,,,,
PRJNA296814,13,,1082,2008,2021,2008:1; 2009:1; 2010:5; 2011:4; 2012:23; 2013:85; 2014:138; 2015:146; 2016:181; 2017:235; 2018:185; 2019:53; 2020:15; 2021:9,continuous,,,,,New Hampshire Birth Cohort Study microbiome: marker gene and shotgun metagenomic sequencin,Marine Biological Labora
PRJNA488180,13,,302,2004,2017,2004:66; 2009:79; 2012:63; 2017:94,continuous,,,,,hydrothermal vent metagenome Genome sequencing and assembly,The University of Hong K
PRJEB38681,13,,267,2008,2021,2008:14; 2009:30; 2011:13; 2012:16; 2013:11; 2014:42; 2015:29; 2016:12; 2017:13; 2018:84; 2019:1; 2020:1; 2021:1,continuous,,,,,Comprehensive dataset of shotgun metagenomes from stratified freshwater lakes and ponds,Department of Aquatic Sc
PRJNA522654,13,,338,2004,2017,2004:98; 2009:124; 2012:28; 2017:88,continuous,,,,,Novel microbes from Hydrothermal ecosystems,University of Wisconsin-
PRJEB51122,13,,161,2007,2020,2007:22; 2009:2; 2011:1; 2016:18; 2019:76; 2020:42,continuous,,,,,Stop codon recoding in bacteriophages,arcadia science;UC-BERKE
PRJNA876771,13,,72,2000,2013,2000:59; 2001:1; 2002:1; 2003:1; 2004:1; 2005:1; 2006:1; 2007:1; 2008:1; 2009:1; 2010:1; 2011:1; 2012:1; 2013:1,continuous,,,,,Vaginal microbiome metagenome inference accuracy: differential measurement error according,University of North Caro
PRJNA850006,13,,19,2007,2020,2007:2; 2011:1; 2014:1; 2020:1,mid_long,,,,,,
PRJNA1043872,13,,26,2008,2021,2008:4; 2009:2; 2010:4; 2012:3; 2013:1; 2015:5; 2016:2; 2019:1; 2021:4,continuous,,,,,,
PRJDB12800,13,,45,2009,2022,2009:3; 2011:15; 2015:3; 2016:3; 2017:9; 2018:3; 2019:3; 2022:6,continuous,,,,,,
PRJDB18316,13,,166,2009,2022,2009:1; 2018:2; 2019:39; 2020:64; 2021:59; 2022:1,mid_long,,,,,,
PRJEB73816,13,,2,2008,2021,2008:1; 2021:1,mid_long,,,,,,
PRJNA1159215,13,,543,2009,2022,2009:119; 2016:159; 2022:265,mid_long,,,,,,
PRJEB49368,13,,984,2007,2020,2007:1; 2009:6; 2010:132; 2011:164; 2012:150; 2013:240; 2014:138; 2015:39; 2016:28; 2018:11; 2019:70; 2020:2,continuous,,,,,,
PRJNA1254910,13,,58,2008,2021,2008:5; 2010:5; 2011:9; 2012:23; 2015:1; 2016:5; 2020:1; 2021:9,continuous,,,,,,
PRJEB115747,13,,103,2012,2025,2012:1; 2015:1; 2016:1; 2019:1; 2020:2; 2021:9; 2022:21; 2023:9; 2024:24; 2025:34,continuous,,,,,,
PRJNA343018,12,,3,2001,2013,2001:1; 2007:1; 2013:1,mid_long,,,,,Microbial communities from Late Pleistocene permafrost sediments,University of Tennessee
PRJNA662092,12,,78,2006,2018,2006:5; 2008:6; 2009:5; 2010:4; 2011:5; 2012:6; 2013:4; 2015:13; 2016:14; 2017:6; 2018:10,continuous,,,,,Microcystis and its microbiome Genome sequencing and assembly,Universite de Montreal
PRJNA941079,12,,116,2007,2019,2007:3; 2008:5; 2009:9; 2010:13; 2011:10; 2012:17; 2013:11; 2014:14; 2015:9; 2016:7; 2017:5; 2018:6; 2019:7,continuous,,,,,,
PRJNA936591,12,,3,2009,2021,2009:1; 2017:1; 2021:1,mid_long,,,,,,
PRJNA979897,12,,6,2010,2022,2010:1; 2014:1; 2017:1; 2019:1; 2021:1; 2022:1,continuous,,,,,,
PRJEB83219,12,,83,2009,2021,2009:16; 2020:8; 2021:59,mid_long,,,,,,
PRJNA1276427,12,,4,2012,2024,2012:1; 2013:1; 2023:1; 2024:1,mid_long,,,,,,
PRJNA1431180,12,,28,1998,2010,1998:2; 2001:1; 2002:2; 2004:1; 2008:1; 2009:1; 2010:1,continuous,,,,,,
PRJNA1217492,12,29,5,1999,2011,1999:1; 2004:1; 2010:2; 2011:1,mid_long,,,,1997;2016;2026,,
PRJNA379120,11,,70,2005,2016,2005:1; 2015:62; 2016:7,mid_long,,,,,"Colonization, succession and evolution of the earliest human gastrointestinal microbiome",Luxembourg Centre for Sy
PRJNA432264,11,,114,2007,2018,2007:6; 2008:10; 2009:12; 2010:12; 2011:12; 2012:11; 2013:12; 2014:11; 2015:12; 2016:4; 2017:9; 2018:3,continuous,,,,,activated sludge metagenome Raw sequence reads,The University Hong Kong
PRJNA593905,11,,153,2003,2014,2003:2; 2008:1; 2011:52; 2012:7; 2013:12; 2014:2,continuous,,,,,Metagenome-assembled Genomes (MAGs),The University of Queens
PRJNA505354,11,,4,2004,2015,2004:1; 2005:1; 2014:1; 2015:1,mid_long,,,,,Capturing microbial genome dynamics in the human gut using Hi-C,Stanford
PRJNA515312,11,,7,2003,2014,2003:4; 2014:3,mid_long,,,,,sponge metagenome Genome sequencing and assembly,VICTORIA UNIVERSITY WELL
PRJNA842587,11,,36,2003,2014,2003:3; 2004:2; 2005:4; 2006:6; 2010:3; 2011:4; 2012:6; 2014:8,continuous,,,,,,
PRJNA842693,11,,12,2003,2014,2003:2; 2005:1; 2010:1; 2011:2; 2012:1; 2014:5,continuous,,,,,,
PRJNA1003508,11,,27,2007,2018,2007:4; 2016:8; 2018:15,mid_long,,,,,,
PRJNA1068458,11,,61,2011,2022,2011:3; 2014:3; 2015:3; 2016:4; 2017:11; 2018:13; 2019:11; 2020:2; 2021:4; 2022:7,continuous,,,,,,
PRJNA1177354,11,,19,2012,2023,2012:1; 2013:1; 2014:2; 2016:1; 2018:1; 2021:2; 2022:6; 2023:5,continuous,,,,,,
PRJNA1149051,11,,77,2012,2023,2012:1; 2013:3; 2014:3; 2016:4; 2017:5; 2018:1; 2019:5; 2021:6; 2022:7; 2023:7,continuous,,,,,,
PRJEB110648,11,,1124,2011,2022,2011:101; 2012:35; 2013:87; 2014:19; 2015:19; 2016:123; 2017:26; 2018:27; 2019:19; 2020:68; 2021:371; 2022:229,continuous,,,,,,
PRJNA1426725,11,,4,1995,2006,1995:2; 2006:2,mid_long,,,,,,
PRJNA265986,10,,14,2003,2013,2003:1; 2005:3; 2012:9; 2013:1,mid_long,,,,,Serpentinizing microbial ecosystems Metagenome,Marine Biological Labora
PRJNA431796,10,,20,2003,2013,2003:2; 2006:1; 2007:1; 2010:2; 2013:1,continuous,,,,,A Genomic Atlas of Anaerobic Methanotrophic (ANME) Archaea,California Institute of 
PRJEB27621,10,0,169,2007,2017,2007:1; 2017:160,mid_long,,,,2017,Global surveillance of antimicrobial resistance - Batch June 2017,Centre for Genomic Epide
PRJNA609351,10,,76,2009,2019,2009:24; 2019:6,mid_long,,,,,Impact of DNA extraction method on variation in human and built environment microbial comm,Massachusetts General Ho
PRJNA689961,10,,208,2010,2020,2010:7; 2011:24; 2012:1; 2013:2; 2017:1; 2018:23; 2019:12; 2020:137,continuous,,,,,Gut microbiome sequencing,The Chinese University o
PRJEB54673,10,,554,2005,2015,2005:28; 2006:69; 2007:128; 2008:72; 2009:16; 2010:11; 2014:167; 2015:63,continuous,,,,,,
PRJNA828357,10,,85,2007,2017,2007:1; 2008:6; 2009:8; 2010:11; 2011:12; 2012:11; 2013:12; 2014:8; 2015:7; 2016:7; 2017:2,continuous,,,,,,
PRJNA930646,10,,6,2011,2021,2011:1; 2021:5,mid_long,,,,,,
PRJNA971895,10,,209,2012,2022,2012:69; 2013:57; 2014:25; 2015:22; 2016:12; 2017:17; 2018:3; 2019:3; 2022:1,continuous,,,,,,
PRJNA1014500,10,,111,2012,2022,2012:1; 2019:2; 2020:25; 2021:43; 2022:40,mid_long,,,,,,
PRJNA1007786,10,,24,2010,2020,2010:12; 2020:12,mid_long,,,,,,
PRJNA1054523,10,,13,2009,2019,2009:1; 2012:1; 2014:1; 2016:1; 2017:3; 2018:2; 2019:2,continuous,,,,,,
PRJNA1139951,10,,663,2015,2025,2015:242; 2016:386; 2025:35,mid_long,,,,,,
PRJNA1135081,10,,126,2007,2017,2007:11; 2008:18; 2009:13; 2010:9; 2011:10; 2012:7; 2013:3; 2014:12; 2015:11; 2016:14; 2017:18,continuous,,,,,,
PRJEB86846,10,,19,2015,2025,2015:3; 2016:10; 2017:4; 2018:1; 2025:1,mid_long,,,,,,
PRJNA1219692,10,,3,2011,2021,2011:1; 2020:1; 2021:1,mid_long,,,,,,
PRJNA1231486,10,,15,2014,2024,2014:1; 2023:13; 2024:1,mid_long,,,,,,
PRJNA1232331,10,,3,2014,2024,2014:2; 2024:1,mid_long,,,,,,
PRJEB90452,10,,149,2011,2021,2011:7; 2012:14; 2013:7; 2015:2; 2016:34; 2017:74; 2021:11,continuous,,,,,,
PRJNA1146412,10,,8,2012,2022,2012:1; 2021:2; 2022:2,mid_long,,,,,,
PRJNA1199948,10,,30,2013,2023,2013:6; 2023:24,mid_long,,,,,,
PRJNA1398240,10,,21,2008,2018,2008:9; 2018:12,mid_long,,,,,,
PRJEB89110,10,,87,2014,2024,2014:55; 2016:25; 2024:7,mid_long,,,,,,
PRJEB112735,10,,932,2010,2020,2010:611; 2020:321,mid_long,,,,,,
PRJEB114255,10,,844,2011,2021,2011:8; 2012:54; 2013:52; 2014:110; 2015:7; 2016:7; 2017:22; 2018:61; 2019:29; 2020:301; 2021:83,continuous,,,,,,
PRJNA72255,9,,25,2007,2016,2007:1; 2009:3; 2010:2; 2011:3; 2012:12; 2016:4,continuous,,,,,Lake Huron Sinkhole Photosynthetic Microbial Mats Metagenome,University of Michigan
PRJNA510413,9,0,28,2009,2018,2009:7; 2012:4; 2014:4; 2016:8; 2018:5,continuous,,,,2009,Whole genome sequencing of Enterovirus 68 virus from Philadelphia,Children's Hospital of P
PRJNA480137,9,,1896,2005,2014,2005:164; 2008:79; 2009:230; 2010:238; 2011:93; 2012:756; 2013:24; 2014:217,continuous,,,,,Metagenome-assembled genomes from hydrothermal vent and freshwater spring sediments,The University of Hong K
PRJEB36096,9,,13,2006,2015,2006:6; 2015:7,other,,,,,Anaerobic oxidation of ethane by archaea in different marine environments,German Federation for Bi
PRJNA749645,9,,74,2010,2019,2010:1; 2019:73,other,,,,,Whole genome metagenome of gut microbiota from prostate cancer patients,Institute of Oncology Re
PRJDB11497,9,,21,2005,2014,2005:1; 2006:1; 2008:5; 2009:2; 2010:4; 2011:1; 2012:1; 2013:1; 2014:5,continuous,,,,,Shotgun metagenomic sequencing of the cryoconites collected from bipolar and Asian glacier,National Institute of Ge
PRJNA955235,9,,190,2010,2019,2010:3; 2012:3; 2013:22; 2014:37; 2015:38; 2016:24; 2017:16; 2018:22; 2019:25,continuous,,,,,,
PRJNA1048868,9,9,63,2010,2019,2010:3; 2013:7; 2014:2; 2017:2; 2018:19; 2019:30,continuous,,,,2010;2019,,
PRJEB62835,9,,2,2012,2021,2012:1; 2021:1,other,,,,,,
PRJNA1154567,9,,32,2012,2021,2012:2; 2021:30,other,,,,,,
PRJNA1060349,9,,1197,2010,2019,2010:157; 2011:367; 2012:201; 2013:115; 2014:83; 2015:71; 2016:83; 2017:61; 2018:56; 2019:3,continuous,,,,,,
PRJNA1202717,9,,61,2012,2021,2012:19; 2013:5; 2014:3; 2019:23; 2020:10; 2021:1,continuous,,,,,,
PRJNA1235726,9,,161,2014,2023,2014:16; 2015:99; 2016:17; 2017:11; 2018:5; 2019:6; 2021:1; 2022:1; 2023:5,continuous,,,,,,
PRJEB89408,9,,117,2014,2023,2014:93; 2023:23,other,,,,,,
PRJNA1413407,9,,343,2015,2024,2015:1; 2016:56; 2017:51; 2022:72; 2023:144; 2024:19,continuous,,,,,,
PRJNA1207694,9,,17,2013,2022,2013:6; 2014:6; 2022:4,other,,,,,,
PRJNA296849,8,,18,2013,2021,2013:17; 2021:1,other,,,,,Neutral ph hot spring Metagenome,Bose Institute
PRJEB31600,8,,14,2008,2016,2008:7; 2016:7,other,,,,,Optimization of metagenomic approach for sewage and stool,The French Research Inst
PRJNA474413,8,,16,2010,2018,2010:4; 2011:3; 2012:3; 2015:4; 2018:2,continuous,,,,,Dengue virus,Universitair Medisch Cen
PRJNA526405,8,,3598,2010,2018,2010:10; 2017:3448; 2018:65,other,,,,,Pig microbiome,University of Technology
PRJDB6966,8,,100,2010,2018,2010:4; 2011:16; 2012:24; 2013:8; 2017:36; 2018:12,continuous,,,,,Comparison of bacterial flora of peri-implantitis and periodontitis using DNA,Tokyo Medical and Dental
PRJNA637365,8,,118,2011,2019,2011:2; 2012:12; 2013:40; 2014:20; 2015:20; 2016:13; 2018:5; 2019:1,continuous,,,,,Dysbiosis in metabolic genes of the gut microbiomes of patients with a Pouch,Tel-Aviv University
PRJNA718445,8,,86,2010,2018,2010:4; 2011:3; 2017:10; 2018:69,other,,,,,"Metagenomes from DNA isolated from oropharyngeal swabs, stool samples, rectal swabs and va",University of Toronto
PRJNA766251,8,,6,2010,2018,2010:5; 2018:1,other,,,,,Santa Barbara Basin sedaDNA,University of Tasmania
PRJNA705895,8,,87,2011,2019,2011:4; 2012:32; 2013:5; 2014:5; 2015:8; 2016:13; 2017:10; 2018:9; 2019:1,continuous,,,,,Fecal microbiota of donors and RCDI patients before and after FMT,Sinai Hospital of Baltim
PRJDB12113,8,,49,2012,2020,2012:7; 2013:8; 2014:2; 2017:4; 2018:17; 2019:9; 2020:2,continuous,,,,,Metagenomics for pathogens detection from pediatric patients with meningitis,Department of Human Gene
PRJNA770763,8,,51,2011,2019,2011:1; 2013:1; 2014:3; 2015:4; 2016:4; 2017:14; 2018:1; 2019:23,continuous,,,,,"Cladonia Genomics, Phylogenetics and Species Delimitation",New York Botanical Garde
PRJNA874475,8,,142,2012,2020,2012:4; 2018:38; 2019:76; 2020:24,other,,,,,Systemic translocation of bacteriophages as a part of human intestine microbiome,Hirszfeld Institute of I
PRJNA866293,8,,36,2011,2019,2011:4; 2013:2; 2019:9,other,,,,,Borgs are giant genetic elements with potential to expand metabolic capacity,Jill Banfield's Lab at B
PRJNA905198,8,,91,1996,2004,1996:3; 1998:1; 2001:3; 2004:11,continuous,,,,,,
PRJEB65368,8,,122,2015,2023,2015:2; 2016:7; 2017:94; 2018:10; 2022:5; 2023:4,continuous,,,,,,
PRJEB50977,8,,1048,2011,2019,2011:62; 2012:110; 2013:256; 2014:136; 2015:268; 2016:84; 2017:66; 2018:50; 2019:12,continuous,,,,,,
PRJNA922069,8,,120,2012,2020,2012:1; 2013:3; 2017:32; 2018:8; 2019:20; 2020:1,continuous,,,,,,
PRJNA1036590,8,0,44,2012,2020,2012:22; 2020:22,other,,,,2020,,
PRJNA1158571,8,,33,2015,2023,2015:1; 2017:5; 2018:10; 2019:5; 2020:2; 2023:10,continuous,,,,,,
PRJNA1178828,8,,47,2017,2025,2017:11; 2019:13; 2020:5; 2021:4; 2022:4; 2023:2; 2024:4; 2025:4,continuous,,,,,,
PRJNA1222159,8,,81,2014,2022,2014:7; 2015:7; 2022:67,other,,,,,,
PRJEB84944,8,,184,2004,2012,2004:1; 2005:26; 2006:50; 2007:48; 2008:25; 2009:11; 2010:9; 2011:5; 2012:9,continuous,,,,,,
PRJEB91257,8,,122,2015,2023,2015:44; 2023:30,other,,,,,,
PRJNA1233800,8,,9,2016,2024,2016:3; 2022:3; 2024:3,other,,,,,,
PRJNA267597,7,,4,2003,2010,2003:2; 2010:2,other,,,,,Bacterial sequences from YNP alkaline thermal springs Metagenome,University of New Mexico
PRJNA312830,7,0,9,2007,2014,2007:1; 2012:7; 2014:1,other,,,,2016,Klamath Basin Raw sequence reads,Oregon State University
PRJNA385736,7,,798,2010,2017,2010:28; 2012:14; 2013:19; 2014:12; 2015:119; 2016:366; 2017:240,continuous,,,,,Marine metagenomes Metagenome,CSIRO
PRJNA428721,7,,6,2010,2017,2010:1; 2013:2; 2015:2; 2017:1,continuous,,,,,"Freshwater metagenomes from Lake Zurich, Switzerland",University of Zurich
PRJEB27554,7,0,10,2007,2014,2007:8; 2014:2,other,,,,2014,"Lysotracker stained seawater and associated amplicon sequences, metagenomes, and metatrans",MONTEREY BAY AQUARIUM RE
PRJNA1007388,7,,43,2015,2022,2015:2; 2018:23; 2022:18,other,,,,,Multi-omics for Understanding Climate Change (MUCC),Colorado State Universit
PRJNA517801,7,,68,2013,2020,2013:15; 2014:21; 2015:8; 2020:24,continuous,,,,,WGS Liver disease,Kanazawa University
PRJNA589708,7,,4,2009,2016,2009:2; 2012:1; 2016:1,other,,,,,Bacterial metagenomics from various species of marine sponges Raw sequence reads,CMSI UNSW Sydney
PRJNA542342,7,,10,2012,2019,2012:3; 2014:2; 2018:3; 2019:2,continuous,,,,,Legionella metagenomics study,Centers for Disease Cont
PRJEB36091,7,,79,2009,2016,2009:24; 2013:39; 2016:16,other,,,,,Emergence of similar lifestyles through convergent evolution within the bacterial Thioglob,MAX PLANCK INSTITUTE FOR
PRJNA658003,7,,26,2012,2019,2012:1; 2018:12; 2019:13,other,,,,,Parasite turnover zone at secondary contact: a new pattern in host-parasite population gen,University of South Bohe
PRJNA733715,7,,20,2012,2019,2012:4; 2017:11; 2018:3; 2019:2,continuous,,,,,Membracid bacteriome genome sequencing,Texas Tech University
PRJNA694997,7,,21,2012,2019,2012:2; 2016:2; 2019:17,other,,,,,Comparison of library preparation and sequencing depths for direct sequencing of Bordetell,Centre for Infectious Di
PRJNA763353,7,,6,2013,2020,2013:4; 2020:2,other,,,,,Long read metagenomic sequencing allows sensitive detection of the high impact plant patho,Virginia Tech
PRJEB44414,7,,195,2011,2018,2011:16; 2012:29; 2013:39; 2014:41; 2015:35; 2016:9; 2017:17; 2018:9,continuous,,,,,Metagenomes of global wetland soils,Quadram Institute Biosci
PRJEB40256,7,,130,2010,2017,2010:4; 2011:40; 2012:7; 2013:38; 2014:25; 2015:14; 2017:2,continuous,,,,,Genomic insights into adaptations of TMA-utilizing methanogens to diverse habitats includi,universitaetsklinikum tu
PRJNA730677,7,,58,2011,2018,2011:8; 2012:7; 2013:11; 2014:11; 2015:9; 2016:11; 2018:1,continuous,,,,,Genomic adaptations of Escherichia coli strains from patients with inflammatory bowel dise,Tel-Aviv University
PRJNA682518,7,,6,2012,2019,2012:1; 2013:2; 2019:3,other,,,,,A host-parasite-endosymbiont relationship: twisted-wing insects provide a new twist to Wol,Western Sydney Universit
PRJNA523619,7,,129,2009,2016,2009:66; 2016:63,other,,,,,Alviniconcha and Ifremeria metagenomics,University of Rhode Isla
PRJNA777294,7,,72,2010,2017,2010:4; 2015:24; 2017:44,other,,,,,Tracking Genomic Characteristics across Oceanic Provinces: Contrasting Early and Mature Pl,J. Craig Venter Institut
PRJNA604820,7,,694,2012,2019,2012:52; 2013:201; 2014:254; 2015:112; 2016:43; 2018:21; 2019:11,continuous,,,,,Skin metagenome from antibiotics treated healthy human subjects,National Institute of Ar
PRJNA795879,7,,33,2012,2019,2012:4; 2013:1; 2016:3; 2017:9; 2018:9; 2019:5,continuous,,,,,Ascomycete fungi that are symbionts of lichens from the Lecanoromycetes Genome sequencing ,University of Graz
PRJNA727021,7,,248,2012,2019,2012:5; 2013:38; 2014:52; 2015:41; 2016:8; 2018:7; 2019:94,continuous,,,,,,
PRJNA767948,7,,3,2012,2019,2012:2; 2019:1,other,,,,,,
PRJNA855930,7,0,105,2009,2016,2009:60; 2016:45,other,,,,2022,,
PRJNA916952,7,,1144,2011,2018,2011:6; 2012:162; 2013:276; 2014:289; 2015:237; 2016:124; 2017:48; 2018:2,continuous,,,,,,
PRJNA664610,7,,18,2012,2019,2012:6; 2015:3; 2018:3; 2019:6,continuous,,,,,,
PRJDB17001,7,,12,2010,2017,2010:1; 2011:1; 2012:1; 2014:2; 2015:2; 2016:1; 2017:3,continuous,,,,,,
PRJEB62817,7,,226,2015,2022,2015:23; 2016:17; 2017:27; 2018:26; 2019:33; 2020:52; 2021:28; 2022:20,continuous,,,,,,
PRJEB66907,7,,223,2014,2021,2014:1; 2020:129; 2021:93,other,,,,,,
PRJNA999485,7,,40,2005,2012,2005:1; 2006:3; 2007:11; 2008:13; 2009:8; 2010:3; 2012:1,continuous,,,,,,
PRJNA932796,7,,79,2016,2023,2016:23; 2017:3; 2020:26; 2023:4,continuous,,,,,,
PRJNA995034,7,,82,2015,2022,2015:56; 2017:24; 2019:1; 2022:1,continuous,,,,,,
PRJEB68363,7,,239,2010,2017,2010:30; 2013:24; 2014:60; 2015:55; 2017:70,continuous,,,,,,
PRJDB16790,7,,294,2014,2021,2014:43; 2015:40; 2016:1; 2018:2; 2019:66; 2020:109; 2021:33,continuous,,,,,,
PRJEB71043,7,,159,2016,2023,2016:22; 2017:26; 2018:37; 2019:13; 2020:34; 2021:19; 2022:5; 2023:3,continuous,,,,,,
PRJEB60958,7,,34,2016,2023,2016:8; 2023:24,other,,,,,,
PRJEB72536,7,,124,2014,2021,2014:1; 2015:27; 2016:20; 2017:17; 2018:24; 2019:20; 2020:12; 2021:3,continuous,,,,,,
PRJEB63570,7,,1592,2019,2026,2019:145; 2020:50; 2021:34; 2022:1107; 2023:251; 2024:1; 2025:1; 2026:1,continuous,,,Y,,,
PRJNA898368,7,,143,2011,2018,2011:2; 2012:23; 2013:16; 2014:24; 2015:12; 2016:15; 2017:29; 2018:22,continuous,,,,,,
PRJNA1143941,7,,2321,2016,2023,2016:134; 2017:232; 2018:229; 2019:324; 2020:366; 2021:450; 2022:360; 2023:226,continuous,,,,,,
PRJNA1004900,7,,9,2010,2017,2010:1; 2016:3; 2017:5,other,,,,,,
PRJEB80512,7,,57,2016,2023,2016:6; 2017:21; 2018:18; 2019:1; 2020:6; 2022:3; 2023:2,continuous,,,,,,
PRJEB81804,7,,382,2016,2023,2016:56; 2017:82; 2022:140; 2023:104,continuous,,,,,,
PRJDB16260,7,,250,2014,2021,2014:7; 2015:8; 2016:17; 2017:10; 2018:11; 2019:7; 2020:24; 2021:12,continuous,,,,,,
PRJNA1084235,7,,10,2008,2015,2008:1; 2014:4; 2015:3,other,,,,,,
PRJNA1177486,7,,7,2014,2021,2014:1; 2015:1; 2016:1; 2017:2; 2019:1; 2021:1,continuous,,,,,,
PRJEB83971,7,,170,2017,2024,2017:1; 2018:8; 2019:8; 2020:5; 2021:26; 2022:48; 2023:65; 2024:9,continuous,,,,,,
PRJNA1197998,7,,903,2016,2023,2016:1; 2017:7; 2018:2; 2019:4; 2020:4; 2021:8; 2022:10; 2023:481,continuous,,,,,,
PRJNA1247984,7,,350,2015,2022,2015:4; 2016:48; 2017:17; 2022:38,continuous,,,,,,
PRJEB98069,7,,806,2017,2024,2017:4; 2018:13; 2019:129; 2020:177; 2021:79; 2022:363; 2023:39; 2024:2,continuous,,,,,,
PRJEB98467,7,,1985,2012,2019,2012:54; 2013:195; 2014:10; 2015:26; 2016:91; 2017:1022; 2018:506; 2019:81,continuous,,,,,,
PRJNA940491,7,,32,2018,2025,2018:3; 2019:7; 2020:8; 2021:12; 2025:2,continuous,,,,,,
PRJEB102564,7,,875,2015,2022,2015:191; 2016:127; 2017:217; 2018:126; 2019:26; 2021:84; 2022:104,continuous,,,,,,
PRJNA1391538,7,,919,2012,2019,2012:446; 2014:70; 2015:2; 2016:45; 2017:52; 2018:52; 2019:54,continuous,,,,,,
PRJEB108549,7,,69,2002,2009,2002:39; 2009:30,other,,,,,,
PRJNA1377628,7,,76,2013,2020,2013:26; 2014:12; 2015:1; 2017:18; 2018:7; 2019:7; 2020:1,continuous,,,,,,
PRJNA183510,6,,99,2007,2013,2007:2; 2008:1; 2009:4; 2010:16; 2011:27; 2012:31; 2013:2,continuous,,,,,Hydrocarbon Metagenome,University of Calgary
PRJEB7983,6,,57,2007,2013,2007:2; 2008:7; 2009:3; 2010:12; 2011:19; 2012:13; 2013:1,continuous,,,,,Hydrocarbon Metagenomics Project,MGRAST;Genome Alberta
PRJNA237344,6,,96,2010,2016,2010:24; 2011:24; 2012:36; 2016:12,continuous,,,,,Amazon Continuum Metagenomes,University of Georgia
PRJNA230567,6,,86,2010,2016,2010:1; 2011:33; 2012:22; 2013:4; 2014:4; 2015:4; 2016:4,continuous,,,,,Systems Biology of Lipid Accumulating Organisms,Luxembourg Centre for Sy
PRJNA257723,6,,14,2009,2015,2009:1; 2012:2; 2013:3; 2014:3; 2015:5,continuous,,,,,Mediterranean Deep Chlorophyll Maximum Metagenome,Evolutionary Genomics Gr
PRJNA288027,6,,30,2007,2013,2007:3; 2012:15; 2013:12,other,,,,,"Terrestrial subsurface C, N, S and H cycles cross-linked by metabolic handoffs","Banfield Lab, University"
PRJEB15034,6,,71,2015,2021,2015:36; 2021:35,other,,,,,Metagenomic analysis of soil samples from an oil contaminated military base,UNIVERSITY OF SZEGED
PRJNA247822,6,0,46,2009,2015,2009:3; 2012:7; 2015:4,other,,,,1969,Ecological Genomics of a Seasonally Anoxic Fjord Saanich Inlet,University of British Co
PRJEB22068,6,,142,2013,2019,2013:69; 2014:70; 2019:3,other,,,,,NEON,MGRAST;NEON
PRJNA368737,6,,14,2011,2017,2011:6; 2013:5; 2014:2; 2017:1,continuous,,,,,Taxonomic and functional heterogeneity of the gill microbiome in Phacoides pectinatus,Clemson University
PRJNA308326,6,,150,2014,2020,2014:17; 2015:12; 2016:7; 2017:17; 2018:49; 2019:39; 2020:9,continuous,,,,,Hydraulically fractured gas well metagenomes,The Ohio State Universit
PRJNA385855,6,,130,2003,2009,2003:60; 2004:66; 2009:4,other,,,,,Temporal sampling of marine metagenomes from Station ALOHA and BATS,MIT
PRJNA391713,6,,2,2009,2015,2009:1; 2015:1,other,,,,,Comparison of anaerobic ciliates,Woods Hole Oceanographic
PRJNA419744,6,,23,2008,2014,2008:6; 2010:2; 2011:1; 2012:7; 2013:5; 2014:2,continuous,,,,,Gorilla fecal virome,LVH
PRJNA429141,6,0,100,2015,2021,2015:2; 2016:6; 2017:22; 2018:26; 2019:32; 2021:12,continuous,,,,2015,"Freshwater metagenomes from Rimov resevoir, Czech Republic",Institute of Hydrobiolog
PRJNA386568,6,,393,2010,2016,2010:6; 2011:97; 2012:153; 2013:43; 2014:23; 2015:36; 2016:35,continuous,,,,,peat metagenome Metagenome,Australian Centre for Ec
PRJNA471898,6,,879,2010,2016,2010:7; 2011:74; 2012:22; 2013:138; 2014:149; 2015:275; 2016:214,continuous,,,,,The skin microbiome of DOCK8-deficient patients,NHGRI/NIH
PRJNA495396,6,,7,2005,2011,2005:1; 2006:1; 2011:2,other,,,,,Marine sponge-associated obligate symbionts Thaumarchaeota,University of New South 
PRJNA486381,6,,4,2013,2019,2013:1; 2016:1; 2019:2,other,,,,,"sediment metagenome from the Los Azufres geothermal field, Mexico",UNAM
PRJEB30654,6,,14,2010,2016,2010:6; 2016:8,other,,,,,Metagenomic sequencing of Rotating Biological Contactor biofilm samples,UNIVERSITY OF WATERLOO
PRJEB32787,6,,20,2008,2014,2008:2; 2009:10; 2013:5; 2014:3,continuous,,,,,Metagenomics of symbiotic bathmodiolin mussels,German Federation for Bi
PRJNA595749,6,,753,2012,2018,2012:395; 2013:323; 2015:17; 2016:6; 2018:12,continuous,,,,,"COSMIC2 - Persistence of birth mode-dependent effects on gut microbiome composition, immun",University of Luxembourg
PRJNA504027,6,,17,1997,2003,1997:3; 1998:3; 1999:3; 2000:4; 2001:1; 2002:2; 2003:1,continuous,,,,,Bermuda Atlantic Time-series Study metagenomes,Oregon State University
PRJNA524170,6,,234,2010,2016,2010:7; 2011:65; 2012:27; 2013:41; 2014:33; 2015:28; 2016:33,continuous,,,,,Resistant microbiome underlies antibiotic therapy in pouchitis,Tel-Aviv University
PRJNA553191,6,,62,2009,2015,2009:28; 2015:34,other,,,,,Shotgun metagenomics of human gut microbiota up to extreme longevity and the increasing ro,University of Bologna
PRJEB41102,6,,807,2011,2017,2011:114; 2012:164; 2013:258; 2014:106; 2015:134; 2016:26; 2017:5,continuous,,,,,"Analysis of human fecal metagenomes from adults and infants, to investigate strain persist",European Molecular Biolo
PRJNA554847,6,,113,2011,2017,2011:21; 2017:92,other,,,,,Soil Raw sequence reads,University of Colorado a
PRJEB36405,6,,13,2011,2017,2011:3; 2012:1; 2013:3; 2016:3; 2017:3,continuous,,,,,Study of the bacterial resistome in people and animals from Australia,GCEID
PRJNA611516,6,6,17,2010,2016,2010:2; 2011:2; 2012:2; 2013:2; 2014:2; 2015:4; 2016:3,continuous,,,,2010;2016,"Sulfur geothermal spring vent, Thermopyles, Greece, metagenome",University of Thessaly
PRJNA729490,6,,97,2013,2019,2013:4; 2017:40; 2018:26; 2019:24,continuous,,,,,"Microbial Ecology of the Comau Fjord, Northern Patagonia (42 S)",Universidad de Talca
PRJNA726636,6,,28,2008,2014,2008:7; 2009:6; 2010:7; 2011:2; 2013:3; 2014:3,continuous,,,,,Sea otter (Enhydra lutris) Raw sequence reads,Stanford University
PRJNA675914,6,,11,2008,2014,2008:3; 2011:2; 2012:2; 2014:4,continuous,,,,,hydrothermally inactive sulfides metagenomes,Sun Yat-sen University
PRJNA705068,6,,6,2011,2017,2011:1; 2012:1; 2013:1; 2017:3,continuous,,,,,Metagenomic data,MICROBIOMICS LABORATORY
PRJNA768953,6,,6,2013,2019,2013:2; 2019:4,other,,,,,"16S rRNA, ITS rRNA and metagenomic sequencing of activated sludge microbes",Sun Yat-sen University
PRJNA292888,6,,17,2010,2016,2010:1; 2011:3; 2012:4; 2013:6; 2014:1; 2016:2,continuous,,,,,Coronavirus family project,PREDICT Consortium
PRJEB46778,6,1,260,2009,2015,2009:20; 2011:4; 2012:44; 2013:66; 2014:30; 2015:4,continuous,,,,2016;2017,Fecal Microbiota Transplantation for Metabolic Syndrome,European Molecular Biolo
PRJNA685934,6,0,48,2012,2018,2012:2; 2016:15; 2017:10; 2018:21,continuous,,,,2018,Phylodynamics of emerging echovirus 30 in Europe,Netherlands National Ins
PRJNA832417,6,,78,2013,2019,2013:3; 2015:3; 2017:9; 2018:24; 2019:27,continuous,,,,,,
PRJNA841861,6,,50,2013,2019,2013:1; 2015:1; 2016:17; 2017:17; 2018:6; 2019:8,continuous,,,,,,
PRJNA860730,6,,72,2015,2021,2015:11; 2016:27; 2017:21; 2018:3; 2021:10,continuous,,,,,,
PRJNA800662,6,,34,2014,2020,2014:1; 2018:2; 2019:14; 2020:17,continuous,,,,,,
PRJDB16871,6,,21,2018,2024,2018:6; 2024:15,other,,,,,,
PRJEB66489,6,,50,2009,2015,2009:12; 2010:12; 2011:12; 2013:1; 2014:3; 2015:10,continuous,,,,,,
PRJNA848838,6,,246,2015,2021,2015:1; 2016:52; 2017:17; 2018:23; 2019:12; 2020:49; 2021:92,continuous,,,,,,
PRJNA1049070,6,,6,2016,2022,2016:1; 2019:2; 2021:1; 2022:2,continuous,,,,,,
PRJNA977080,6,,12,2015,2021,2015:2; 2016:2; 2020:5; 2021:3,continuous,,,,,,
PRJNA942254,6,,64,2015,2021,2015:1; 2016:10; 2017:33; 2018:8; 2019:2; 2020:8; 2021:2,continuous,,,,,,
PRJNA974462,6,,69,2015,2021,2015:10; 2016:10; 2017:10; 2018:10; 2019:9; 2020:10; 2021:10,continuous,,,,,,
PRJNA1085894,6,,9,2013,2019,2013:2; 2016:3; 2018:2; 2019:2,continuous,,,,,,
PRJNA1082632,6,,174,2017,2023,2017:19; 2018:16; 2019:20; 2022:99; 2023:14,continuous,,,,,,
PRJNA1078419,6,,367,2016,2022,2016:355; 2022:12,other,,,,,,
PRJEB76849,6,,68,2015,2021,2015:37; 2016:25; 2017:1; 2021:5,continuous,,,,,,
PRJNA1071509,6,,58,2015,2021,2015:2; 2016:1; 2018:33; 2020:2; 2021:20,continuous,,,,,,
PRJNA1104421,6,,54,2017,2023,2017:2; 2018:4; 2019:4; 2020:14; 2021:2; 2022:12; 2023:16,continuous,,,,,,
PRJNA1118236,6,,22,2011,2017,2011:1; 2013:2; 2014:12; 2015:4; 2016:2; 2017:1,continuous,,,,,,
PRJEB81709,6,,173,2017,2023,2017:14; 2018:36; 2019:24; 2020:17; 2021:22; 2022:35; 2023:25,continuous,,,,,,
PRJNA1164203,6,,161,2018,2024,2018:13; 2019:32; 2020:6; 2021:38; 2022:38; 2023:19; 2024:14,continuous,,,,,,
PRJNA1195142,6,,28,2004,2010,2004:6; 2005:6; 2006:11; 2008:4; 2010:1,continuous,,,,,,
PRJNA1215349,6,,9,1997,2003,1997:3; 2003:6,other,,,,,,
PRJNA1219970,6,0,221,2017,2023,2017:10; 2018:21; 2019:38; 2020:29; 2021:27; 2022:35; 2023:61,continuous,,,,2006,,
PRJDB20715,6,,52,2019,2025,2019:1; 2020:14; 2021:13; 2022:12; 2023:9; 2025:3,continuous,,,,,,
PRJEB88970,6,,24,2017,2023,2017:1; 2019:4; 2023:19,other,,,,,,
PRJEB89491,6,,929,2016,2022,2016:14; 2017:123; 2018:321; 2019:164; 2020:194; 2021:109; 2022:4,continuous,,,,,,
PRJNA1089555,6,,20,2013,2019,2013:5; 2016:6; 2017:5; 2019:4,continuous,,,,,,
PRJNA1254395,6,,91,2018,2024,2018:1; 2020:2; 2023:12; 2024:5,continuous,,,,,,
PRJNA1268209,6,,46,2018,2024,2018:15; 2019:10; 2021:4; 2024:17,continuous,,,,,,
PRJNA1274035,6,,135,2017,2023,2017:1; 2020:3; 2021:4; 2022:103; 2023:24,continuous,,,,,,
PRJEB108563,6,,308,2016,2022,2016:40; 2017:27; 2018:28; 2019:42; 2020:88; 2021:59; 2022:24,continuous,,,,,,
PRJNA883407,6,,47,2007,2013,2007:1; 2008:6; 2009:4; 2010:1; 2011:28; 2012:4; 2013:3,continuous,,,,,,
PRJNA1370125,6,,16,2016,2022,2016:3; 2017:1; 2018:3; 2022:9,continuous,,,,,,
PRJEB102458,6,,207,2016,2022,2016:6; 2017:18; 2018:14; 2019:59; 2020:65; 2021:39; 2022:6,continuous,,,,,,
PRJNA1249435,6,,1109,2016,2022,2016:8; 2017:76; 2018:123; 2019:66; 2020:18; 2021:18; 2022:6,continuous,,,,,,
PRJNA1289876,6,,222,2018,2024,2018:17; 2019:26; 2020:2; 2021:3; 2022:58; 2023:114; 2024:2,continuous,,,,,,
PRJNA1369410,6,,256,2017,2023,2017:64; 2018:40; 2019:88; 2020:48; 2023:16,continuous,,,,,,
PRJNA47435,5,,10,2004,2009,2004:3; 2009:7,other,,,,,4 samples from Pacific Ocean uncultured phage metagenome,Broad Institute
PRJEB8420,5,,135,2007,2012,2007:26; 2011:86; 2012:23,other,,,,,Forest harvesting reduces the soil metagenomic potential for biomass decomposition,UNIVERSITY OF BRITISH CO
PRJNA288131,5,,24,2008,2013,2008:6; 2009:4; 2010:2; 2011:6; 2012:2; 2013:4,continuous,,,,,Shotgun sequencing on multiple activated sludge samples,INGEBI-CONICET
PRJNA255922,5,,95,2010,2015,2010:34; 2011:26; 2012:12; 2013:21; 2014:1; 2015:1,continuous,,,,,Oral microbiome Metagenome,University of California
PRJNA266569,5,0,43,2009,2014,2009:1; 2010:1; 2011:1; 2012:10; 2013:2; 2014:28,continuous,,,,2014,Enterovirus D68 Genome sequencing,University of California
PRJEB13329,5,,64,2007,2012,2007:12; 2009:34; 2012:18,other,,,,,DNA evidence of bowhead whale exploitation by Greenlandic Paleo-Inuit 4000 years ago,CENTRE FOR GEOGENETICS
PRJNA400072,5,,220,2009,2014,2009:1; 2010:31; 2011:10; 2012:43; 2013:122; 2014:13,continuous,,,,,Gut microbiome structure and metabolic activity in inflammatory bowel disease,Harvard T.H. Chan School
PRJNA505752,5,,112,2011,2016,2011:4; 2012:24; 2013:17; 2014:23; 2015:37; 2016:7,continuous,,,,,The Pan Exome Project,Max Planck Institute for
PRJEB32731,5,,1004,2010,2015,2010:12; 2011:118; 2012:238; 2013:455; 2014:151; 2015:30,continuous,,,,,"Whole shotgun metagenomic sequencing for 1,004 individuals belonging to the TwinsUK cohort",KING'S COLLEGE LONDON
PRJEB33603,5,,139,2013,2018,2013:1; 2014:31; 2015:53; 2016:38; 2017:12; 2018:2,continuous,,,Y,,"A metagenomic approach to diagnosis, induction and maintenance of deep remission following",DALHOUSIE UNIVERSITY
PRJNA497294,5,,65,2010,2015,2010:9; 2011:4; 2012:10; 2013:16; 2014:13; 2015:13,continuous,,,,,Chattahoochee Water Bodies,Georgia Institute of Tec
PRJNA377096,5,,30,2015,2020,2015:4; 2017:4; 2018:12; 2020:9,continuous,,,,,Soda lake innocuated bioreactors,University of Calgary
PRJNA494387,5,,3,2013,2018,2013:2; 2018:1,other,,,,,Beyond the tip of the iceberg: illuminating bacterial dark matter through a combination of,University of Parma
PRJDB6962,5,6,97,2017,2022,2017:9; 2018:18; 2019:9; 2022:61,continuous,,,,2011;2017,Metagenomic survey and whole genome sequencing of antimicrobial resistant bacteria in Japa,Laboratory of Bacterial 
PRJEB38078,5,,628,2009,2014,2009:3; 2010:15; 2011:185; 2012:285; 2013:97; 2014:43,continuous,,,,,Large scale metagenome assembly reveals novel animal-associated microbial diversity,MAX PLANCK INSTITUTE FOR
PRJEB39610,5,,644,2014,2019,2014:9; 2015:169; 2016:222; 2017:194; 2018:49; 2019:1,continuous,,,,,Longitudinal metagenomic analysis of the gut microbiome in preterm infants diagnosed with ,"NEWCASTLE UNIVERSITY, UK"
PRJNA573045,5,,122,2012,2017,2012:6; 2013:56; 2015:44; 2017:16,continuous,,,,,Amplicon and metagnomic data from virus isolates and primary specimens. Raw sequence reads,CDC Pathogen Discovery T
PRJNA635133,5,,14,2014,2019,2014:3; 2015:1; 2017:6; 2018:2; 2019:2,continuous,,,,,CAS9-mNGS Detects Antimicrobial Resistant Pathogens,University of California
PRJNA505148,5,,6,2013,2018,2013:4; 2018:2,other,,,,,marine metagenome Genome sequencing and assembly,Princeton University
PRJNA665854,5,,57,2014,2019,2014:12; 2015:13; 2018:14; 2019:18,continuous,,,,,WGS of feces and saliva of pancreatic cancer patients,Kanazawa University
PRJNA598881,5,,49,2011,2016,2011:6; 2013:6; 2014:10; 2016:27,continuous,,,,,Global Ocean Surface Water Metagenomes,UC Irvine
PRJNA614543,5,,35,2012,2017,2012:20; 2013:3; 2014:8; 2015:1; 2016:1; 2017:2,continuous,,,,,Crucivirus Diversity by Mining Metagenomic Data,Arizona State University
PRJNA524703,5,,440,2014,2019,2014:4; 2015:156; 2016:199; 2017:31; 2018:29; 2019:20,continuous,,,,,Human infant gut virome,UNIVERSITY OF PENNSYLVAN
PRJEB33264,5,,38,2013,2018,2013:4; 2015:9; 2016:3; 2017:18; 2018:4,continuous,,,,,Genomic stability and functional flexibility in intestinal microbiota of gnotobiotic mouse,UNIVERSITY OF BERN
PRJEB43119,5,0,165,2015,2020,2015:10; 2016:19; 2017:10; 2018:37; 2019:86; 2020:3,continuous,,,,2018,Predicting Response to Immunotherapy for Melanoma With Gut Microbiome and Metabolomics,University of Trento
PRJNA604000,5,7,30,2014,2019,2014:2; 2015:12; 2016:3; 2018:7; 2019:3,continuous,,,,2012;2019,Investigation on norovirus outbreaks in California in 2012-2019,OARSA/CFSAN/FDA
PRJNA490509,5,,12,2013,2018,2013:2; 2014:1; 2017:6; 2018:1,continuous,,,,,Raw sequence reads of multiple foodborne viruses from outbreaks or sporatic cased in US,OARSA/CFSAN/FDA
PRJNA776392,5,,25,2013,2018,2013:20; 2018:5,other,,,,,seawater and sediment in an Arctic fjord (Metagenome),Institute of Medicinal B
PRJEB47746,5,,12,2012,2017,2012:1; 2017:3,other,,,,,12 whole shotgun cryosoil metagenomic samples from different sites and various depths,Centre National de la Re
PRJNA600049,5,,30,2012,2017,2012:3; 2016:9; 2017:18,other,,,,,Metagenomic datasets of soil samples,Southwest University in 
PRJNA786578,5,,322,2014,2019,2014:8; 2015:93; 2017:50; 2018:9; 2019:162,continuous,,,,,human stool Metagenome,Public Health Agency of 
PRJNA838480,5,,29,1991,1996,1991:4; 1992:7; 1993:8; 1994:5; 1995:4; 1996:1,continuous,,,,,Transmission of anelloviruses to HIV-1 infected children,Amsterdam UMC
PRJNA826318,5,,11,2013,2018,2013:3; 2017:4; 2018:4,other,,,,,Long-term incubations with sediments from a methanogenic lake - metagenomic sequencing,Israel Oceanographic and
PRJNA348350,5,,27,2017,2022,2017:7; 2019:15; 2022:5,other,,,,,Fecal and cecal microbiome of mouse model infected with Salmonella enterica typhimurium Ta,The Ohio State Universit
PRJEB52317,5,,169,2013,2018,2013:21; 2014:23; 2015:121; 2018:2,continuous,,,,,,
PRJEB34014,5,,21,2013,2018,2013:4; 2015:2; 2017:6; 2018:9,continuous,,,,,,
PRJNA734860,5,,341,2018,2023,2018:80; 2019:116; 2020:84; 2021:60; 2023:1,continuous,,,,,,
PRJNA875104,5,,54,2018,2023,2018:19; 2019:14; 2020:5; 2021:3; 2022:5; 2023:8,continuous,,,,,,
PRJNA984735,5,,9,2017,2022,2017:3; 2019:3; 2022:3,other,,,,,,
PRJEB55913,5,,237,2013,2018,2013:2; 2016:64; 2017:143; 2018:28,continuous,,,,,,
PRJNA838942,5,,180,2014,2019,2014:30; 2015:30; 2016:30; 2017:30; 2018:30; 2019:30,continuous,,,,,,
PRJNA1057216,5,,54,2016,2021,2016:6; 2017:13; 2018:9; 2019:10; 2020:6; 2021:10,continuous,,,,,,
PRJNA954584,5,,132,2015,2020,2015:5; 2016:54; 2017:39; 2018:24; 2019:1; 2020:6,continuous,,,,,,
PRJNA945408,5,,416,2014,2019,2014:119; 2015:55; 2018:100; 2019:142,continuous,,,,,,
PRJNA948536,5,,114,2017,2022,2017:1; 2018:29; 2019:5; 2020:1; 2021:38; 2022:40,continuous,,,,,,
PRJNA1013917,5,,9,2012,2017,2012:5; 2017:4,other,,,,,,
PRJEB71360,5,,6,2017,2022,2017:1; 2018:1; 2019:2; 2021:1; 2022:1,continuous,,,,,,
PRJNA982183,5,,169,2015,2020,2015:35; 2016:6; 2017:12; 2018:39; 2019:42; 2020:35,continuous,,,,,,
PRJNA1031773,5,,636,2017,2022,2017:36; 2018:157; 2019:52; 2020:112; 2021:159; 2022:4,continuous,,,,,,
PRJNA947377,5,,124,2015,2020,2015:23; 2016:34; 2019:44; 2020:23,continuous,,,,,,
PRJNA1072544,5,,37,2015,2020,2015:2; 2018:3; 2020:32,other,,,,,,
PRJNA813705,5,,39,2015,2020,2015:1; 2016:6; 2017:6; 2018:16; 2019:6; 2020:4,continuous,,,,,,
PRJEB77434,5,,1959,2018,2023,2018:310; 2019:1032; 2020:330; 2021:240; 2022:39; 2023:8,continuous,,,,,,
PRJNA1056831,5,,10,2016,2021,2016:1; 2018:3; 2019:1; 2020:2; 2021:3,continuous,,,,,,
PRJNA1068646,5,,201,2013,2018,2013:25; 2014:1; 2015:1; 2016:61; 2017:91; 2018:22,continuous,,,,,,
PRJNA1135913,5,,369,2017,2022,2017:1; 2018:2; 2019:10; 2020:75; 2021:95; 2022:51,continuous,,,,,,
PRJNA1143669,5,,65,2016,2021,2016:16; 2017:3; 2018:16; 2019:4; 2020:10; 2021:16,continuous,,,,,,
PRJNA865093,5,,326,2017,2022,2017:1; 2018:40; 2019:47; 2020:178; 2021:58; 2022:2,continuous,,,,,,
PRJNA1048439,5,,22,2013,2018,2013:1; 2017:20; 2018:1,other,,,,,,
PRJNA999073,5,,41,2016,2021,2016:1; 2021:40,other,,,,,,
PRJNA1135076,5,,12,2012,2017,2012:3; 2013:3; 2015:3; 2017:3,continuous,,,,,,
PRJNA1091216,5,,94,2018,2023,2018:37; 2019:26; 2020:11; 2023:20,continuous,,,,,,
PRJNA1184367,5,,464,2017,2022,2017:273; 2018:89; 2019:28; 2021:50; 2022:24,continuous,,,,,,
PRJEB59175,5,,285,2017,2022,2017:29; 2018:15; 2022:3,other,,,,,,
PRJNA1215598,5,,326,2017,2022,2017:46; 2018:49; 2019:42; 2020:29; 2021:34; 2022:39,continuous,,,,,,
PRJNA1220173,5,,65,2012,2017,2012:10; 2013:33; 2014:19; 2016:1; 2017:2,continuous,,,,,,
PRJNA1136686,5,,15,2015,2020,2015:1; 2017:4; 2020:10,other,,,,,,
PRJNA1177529,5,,50,2018,2023,2018:3; 2022:22; 2023:25,other,,,,,,
PRJNA1188787,5,,119,2016,2021,2016:8; 2021:60,other,,,,,,
PRJNA1261967,5,,184,2013,2018,2013:13; 2014:39; 2015:23; 2016:24; 2017:60; 2018:25,continuous,,,,,,
PRJNA1267264,5,,37,2018,2023,2018:5; 2019:3; 2020:2; 2021:15; 2022:10; 2023:2,continuous,,,,,,
PRJEB80699,5,,28,2017,2022,2017:17; 2021:9; 2022:2,other,,,,,,
PRJEB83861,5,,35,2015,2020,2015:1; 2016:1; 2017:1; 2018:2; 2019:18; 2020:12,continuous,,,,,,
PRJEB94155,5,,134,2017,2022,2017:5; 2018:79; 2021:12; 2022:38,continuous,,,,,,
PRJEB108450,5,,4348,2020,2025,2020:370; 2021:3947; 2022:15; 2025:15,continuous,,,,,,
PRJNA1329211,5,,101,2019,2024,2019:2; 2024:1,other,,,,,,
PRJNA1172418,5,,5,2017,2022,2017:1; 2018:1; 2019:1; 2020:1; 2022:1,continuous,,,,,,
PRJNA1288376,5,,2,2016,2021,2016:1; 2021:1,other,,,,,,
PRJNA826531,5,,27,2013,2018,2013:6; 2015:5; 2016:4; 2017:8; 2018:4,continuous,,,,,,
PRJEB83983,5,,191,2018,2023,2018:189; 2019:1; 2023:1,other,,,,,,
PRJEB104317,5,,15,2019,2024,2019:1; 2020:1; 2022:8; 2023:3; 2024:2,continuous,,,,,,
PRJNA1477909,5,,312,2018,2023,2018:4; 2019:24; 2020:63; 2021:107; 2022:90; 2023:24,continuous,,,,,,
PRJEB73590,4,8,139,2019,2023,2019:1; 2020:12; 2021:76; 2022:43; 2023:7,continuous,,,,2014;2022,,
PRJEB52774,2,5,486,2016,2018,2016:161; 2017:284; 2018:41,other,,,,2015;2020,HELMi infant stool WGS metagenomes (3 weeks to 1 year) and parental stool WGS metagenomes,University of Helsinki
PRJNA282084,1,25,3,2012,2013,2012:2; 2013:1,other,,,,1988;1998;2010;2012;2013,Methane shale flowback fluids metagenome,Marine Biological Labora
PRJNA352737,1,7,2,2014,2015,2014:1; 2015:1,other,,,,2010;2017,HOT ALOHA metagenomic time and depth series,SCOPE
PRJEB27578,1,5,8,2014,2015,2014:6; 2015:2,other,,,,2014;2019,Shotgun Metagenome Sequencing of Lake Soyang,INHA UNIVERSITY
PRJNA185981,0,14,7,2012,2012,2012:7,other,,,,2010;2014;2024,Soy Sauce Metagenome,Institute of Science Bio
PRJNA237127,0,6,46,2005,2005,2005:46,other,,,,2000;2006,Continental sampling of fungi Targeted Locus (Loci),University of California
PRJNA271884,0,30,4,2011,2011,2011:3,other,,,,1980;1994;1998;2003;2004;2006;2008;2010,Basalts from the Louisville Seamount Chain (cores) Targeted Locus (Loci),Marine Biological Labora
PRJEB18265,0,15,10,2015,2015,2015:10,other,,,,2000;2015,Estimation of variability in the gut microbiota resistome of the Russian citizens aimed at,RIPCM
PRJNA603842,0,17,1,2018,2018,2018:1,other,,,,1998;2015,Whole-genome sequencing of Mycobacterium leprae genomes from the Pacific Islands,Arizona State University
PRJNA1062328,0,5,15,2021,2021,2021:15,other,,,,2000;2005,,
PRJNA1087105,0,5,20,2019,2019,2019:20,other,,,,2014;2015;2019,,
PRJNA275349,,12,312,,,,other,,,,2000;2012,Human Microbiome Environment Metagenome,JCVI
PRJNA179134,,20,6,,,,other,,,,1990;2010,Tomato phyllosphere Metagenome,United States Food and D
PRJNA305465,,20,1,,,,other,,,,1983;1986;1991;1992;1993;1995;1996;1997;1998;2002;2003,gut metagenome Genome sequencing and assembly,Institute of Hydrobiolog
PRJEB24423,,6,6,,,,other,,,,2010;2013;2016,Emerging biodegradation of the previously persistent artificial sweetener acesulfame in bi,Reseacrh center;HELMHOLT
PRJEB27647,,37,26,,,,other,,,,1973;1991;1996;1997;2007;2008;2009;2010,New tools for diet analyses: nanopore sequencing of metagenomic DNA from stomach contents ,Massey University
PRJEB28546,,6,438,,,,other,,,,2012;2016;2018,UK T  pallidum WGS  Population genomic analysis of UK Syphilis sequenced directly from cli,Wellcome Sanger Institut
PRJEB34625,,24,33,,,,other,,,,1995;2008;2013;2014;2015;2016;2017;2018;2019,Metagenomic to detect norovirus and other Human enteric viruses in oysters: impact on hexa,The French Research Inst
PRJEB33181,,6,384,,,,other,,,,2012;2018,Global T pallidum  Population genomic analysis of global Treponemas sequenced directly fro,Wellcome Sanger Institut
PRJNA680461,,5,186,,,,other,,,,2015;2020,Viral metagenomics unveiled extensive communications of viruses within giant pandas and th,Jiangsu University
PRJNA818909,,21,60,,,,other,,,,1999;2020,Wetlands oil remediation Raw sequence reads,National Research Counci
PRJNA1013332,,7,55,,,,other,,,,2016;2019;2023,,
PRJNA1140288,,8,101,,,,other,,,,2014;2022,,
